{
  "project_info": {
    "project_number": "795482395913",
    "project_id": "fir-ex1-bceb1",
    "storage_bucket": "fir-ex1-bceb1.appspot.com"
  },
  "client": [
    {
      "client_info": {
        "mobilesdk_app_id": "1:795482395913:android:9c966ae2e8ac86b4a06fd8",
        "android_client_info": {
          "package_name": "com.example.firebaseex1"
        }
      },
      "oauth_client": [],
      "api_key": [
        {
          "current_key": "AIzaSyCKJRR43ZBpYlELLhyUJUhfuDmq-RJ1y7I"
        }
      ],
      "services": {
        "appinvite_service": {
          "other_platform_oauth_client": []
        }
      }
    }
  ],
  "configuration_version": "1"
}